-- Flyway 迁移 V2：种子数据（机场、航司、航班 100+ 条）
INSERT INTO airport (code, name, city, country, timezone) VALUES
('PEK', '北京首都国际机场', '北京', '中国', 'Asia/Shanghai'),
('PVG', '上海浦东国际机场', '上海', '中国', 'Asia/Shanghai'),
('SHA', '上海虹桥国际机场', '上海', '中国', 'Asia/Shanghai'),
('CAN', '广州白云国际机场', '广州', '中国', 'Asia/Shanghai'),
('SZX', '深圳宝安国际机场', '深圳', '中国', 'Asia/Shanghai'),
('CTU', '成都天府国际机场', '成都', '中国', 'Asia/Shanghai'),
('CKG', '重庆江北国际机场', '重庆', '中国', 'Asia/Shanghai'),
('KMG', '昆明长水国际机场', '昆明', '中国', 'Asia/Shanghai'),
('XIY', '西安咸阳国际机场', '西安', '中国', 'Asia/Shanghai'),
('HGH', '杭州萧山国际机场', '杭州', '中国', 'Asia/Shanghai');

INSERT INTO airline (code, name) VALUES
('CA', '中国国际航空'),
('MU', '中国东方航空'),
('CZ', '中国南方航空'),
('HU', '海南航空'),
('3U', '四川航空');

-- 航班种子数据（100+ 条，覆盖主要航线）
INSERT INTO flight (departure_time, arrival_time, duration_minutes, effective_date, flight_number, airline_code, cabin_class, aircraft_type, stops, is_direct, departure_airport, arrival_airport, departure_airport_code, arrival_airport_code, price, original_price, available_seats, status, created_at, updated_at) VALUES
('2025-03-15 08:00:00', '2025-03-15 10:30:00', 150, '2025-03-15', 'CA1234', 'CA', 'Y', 'A330', 0, TRUE, '北京首都国际机场', '上海浦东国际机场', 'PEK', 'PVG', 680, 850, 45, 'SCHEDULED', CURRENT_TIMESTAMP, CURRENT_TIMESTAMP),
('2025-03-15 09:30:00', '2025-03-15 12:00:00', 150, '2025-03-15', 'MU5678', 'MU', 'Y', 'A320', 0, TRUE, '北京首都国际机场', '上海浦东国际机场', 'PEK', 'PVG', 520, 680, 32, 'SCHEDULED', CURRENT_TIMESTAMP, CURRENT_TIMESTAMP),
('2025-03-15 14:00:00', '2025-03-15 16:35:00', 155, '2025-03-15', 'CA1236', 'CA', 'Y', 'B777', 0, TRUE, '北京首都国际机场', '上海浦东国际机场', 'PEK', 'PVG', 720, 900, 28, 'SCHEDULED', CURRENT_TIMESTAMP, CURRENT_TIMESTAMP),
('2025-03-15 07:30:00', '2025-03-15 12:20:00', 290, '2025-03-15', 'CA4101', 'CA', 'Y', 'A330', 0, TRUE, '北京首都国际机场', '成都天府国际机场', 'PEK', 'CTU', 980, 1200, 56, 'SCHEDULED', CURRENT_TIMESTAMP, CURRENT_TIMESTAMP),
('2025-03-15 11:00:00', '2025-03-15 14:20:00', 200, '2025-03-15', 'MU5403', 'MU', 'Y', 'A321', 0, TRUE, '上海浦东国际机场', '广州白云国际机场', 'PVG', 'CAN', 650, 820, 40, 'SCHEDULED', CURRENT_TIMESTAMP, CURRENT_TIMESTAMP),
('2025-03-15 08:20:00', '2025-03-15 11:00:00', 160, '2025-03-15', 'CZ3901', 'CZ', 'Y', 'A320', 0, TRUE, '广州白云国际机场', '上海浦东国际机场', 'CAN', 'PVG', 580, 750, 38, 'SCHEDULED', CURRENT_TIMESTAMP, CURRENT_TIMESTAMP),
('2025-03-15 06:50:00', '2025-03-15 09:40:00', 170, '2025-03-15', '3U8735', '3U', 'Y', 'A320', 0, TRUE, '成都天府国际机场', '上海虹桥国际机场', 'CTU', 'SHA', 620, 780, 42, 'SCHEDULED', CURRENT_TIMESTAMP, CURRENT_TIMESTAMP),
('2025-03-15 13:00:00', '2025-03-15 15:45:00', 165, '2025-03-15', 'HU7145', 'HU', 'Y', 'B738', 0, TRUE, '北京首都国际机场', '杭州萧山国际机场', 'PEK', 'HGH', 590, 720, 35, 'SCHEDULED', CURRENT_TIMESTAMP, CURRENT_TIMESTAMP),
('2025-03-15 10:00:00', '2025-03-15 13:15:00', 195, '2025-03-15', 'CA4321', 'CA', 'Y', 'A321', 0, TRUE, '北京首都国际机场', '昆明长水国际机场', 'PEK', 'KMG', 850, 1050, 44, 'SCHEDULED', CURRENT_TIMESTAMP, CURRENT_TIMESTAMP),
('2025-03-15 16:00:00', '2025-03-15 18:30:00', 150, '2025-03-15', 'MU5189', 'MU', 'Y', 'A320', 0, TRUE, '上海虹桥国际机场', '北京首都国际机场', 'SHA', 'PEK', 690, 860, 30, 'SCHEDULED', CURRENT_TIMESTAMP, CURRENT_TIMESTAMP),
('2025-03-16 08:00:00', '2025-03-16 10:30:00', 150, '2025-03-16', 'CA1234', 'CA', 'Y', 'A330', 0, TRUE, '北京首都国际机场', '上海浦东国际机场', 'PEK', 'PVG', 650, 820, 48, 'SCHEDULED', CURRENT_TIMESTAMP, CURRENT_TIMESTAMP),
('2025-03-16 09:00:00', '2025-03-16 11:35:00', 155, '2025-03-16', 'CZ3001', 'CZ', 'Y', 'A321', 0, TRUE, '广州白云国际机场', '北京首都国际机场', 'CAN', 'PEK', 720, 900, 36, 'SCHEDULED', CURRENT_TIMESTAMP, CURRENT_TIMESTAMP),
('2025-03-16 07:30:00', '2025-03-16 10:10:00', 160, '2025-03-16', '3U8881', '3U', 'Y', 'A320', 0, TRUE, '重庆江北国际机场', '上海浦东国际机场', 'CKG', 'PVG', 480, 620, 52, 'SCHEDULED', CURRENT_TIMESTAMP, CURRENT_TIMESTAMP),
('2025-03-16 12:00:00', '2025-03-16 15:20:00', 200, '2025-03-16', 'MU5405', 'MU', 'Y', 'A321', 0, TRUE, '上海浦东国际机场', '广州白云国际机场', 'PVG', 'CAN', 620, 780, 41, 'SCHEDULED', CURRENT_TIMESTAMP, CURRENT_TIMESTAMP),
('2025-03-16 08:30:00', '2025-03-16 11:45:00', 195, '2025-03-16', 'CA4103', 'CA', 'Y', 'A330', 0, TRUE, '北京首都国际机场', '成都天府国际机场', 'PEK', 'CTU', 950, 1180, 50, 'SCHEDULED', CURRENT_TIMESTAMP, CURRENT_TIMESTAMP),
('2025-03-16 14:00:00', '2025-03-16 16:50:00', 170, '2025-03-16', 'HU7147', 'HU', 'Y', 'B738', 0, TRUE, '北京首都国际机场', '杭州萧山国际机场', 'PEK', 'HGH', 560, 700, 39, 'SCHEDULED', CURRENT_TIMESTAMP, CURRENT_TIMESTAMP),
('2025-03-16 10:30:00', '2025-03-16 13:15:00', 165, '2025-03-16', 'MU2155', 'MU', 'Y', 'A320', 0, TRUE, '西安咸阳国际机场', '上海浦东国际机场', 'XIY', 'PVG', 420, 550, 55, 'SCHEDULED', CURRENT_TIMESTAMP, CURRENT_TIMESTAMP),
('2025-03-16 11:00:00', '2025-03-16 14:10:00', 190, '2025-03-16', 'CZ3401', 'CZ', 'Y', 'A321', 0, TRUE, '深圳宝安国际机场', '成都天府国际机场', 'SZX', 'CTU', 680, 850, 33, 'SCHEDULED', CURRENT_TIMESTAMP, CURRENT_TIMESTAMP),
('2025-03-16 15:00:00', '2025-03-16 17:35:00', 155, '2025-03-16', 'CA4323', 'CA', 'Y', 'A321', 0, TRUE, '北京首都国际机场', '昆明长水国际机场', 'PEK', 'KMG', 820, 1020, 46, 'SCHEDULED', CURRENT_TIMESTAMP, CURRENT_TIMESTAMP),
('2025-03-16 17:00:00', '2025-03-16 19:30:00', 150, '2025-03-16', 'MU5680', 'MU', 'Y', 'A320', 0, TRUE, '北京首都国际机场', '上海浦东国际机场', 'PEK', 'PVG', 530, 690, 34, 'SCHEDULED', CURRENT_TIMESTAMP, CURRENT_TIMESTAMP),
('2025-03-17 08:00:00', '2025-03-17 10:30:00', 150, '2025-03-17', 'CA1234', 'CA', 'Y', 'A330', 0, TRUE, '北京首都国际机场', '上海浦东国际机场', 'PEK', 'PVG', 700, 880, 42, 'SCHEDULED', CURRENT_TIMESTAMP, CURRENT_TIMESTAMP),
('2025-03-17 09:15:00', '2025-03-17 11:50:00', 155, '2025-03-17', 'CZ3003', 'CZ', 'Y', 'A321', 0, TRUE, '广州白云国际机场', '北京首都国际机场', 'CAN', 'PEK', 740, 920, 38, 'SCHEDULED', CURRENT_TIMESTAMP, CURRENT_TIMESTAMP),
('2025-03-17 13:30:00', '2025-03-17 16:00:00', 150, '2025-03-17', 'MU5682', 'MU', 'Y', 'A320', 0, TRUE, '北京首都国际机场', '上海浦东国际机场', 'PEK', 'PVG', 550, 720, 40, 'SCHEDULED', CURRENT_TIMESTAMP, CURRENT_TIMESTAMP),
('2025-03-17 07:00:00', '2025-03-17 09:50:00', 170, '2025-03-17', '3U8737', '3U', 'Y', 'A320', 0, TRUE, '成都天府国际机场', '上海虹桥国际机场', 'CTU', 'SHA', 600, 760, 45, 'SCHEDULED', CURRENT_TIMESTAMP, CURRENT_TIMESTAMP),
('2025-03-17 11:30:00', '2025-03-17 14:25:00', 175, '2025-03-17', 'HU7149', 'HU', 'Y', 'B738', 0, TRUE, '北京首都国际机场', '深圳宝安国际机场', 'PEK', 'SZX', 780, 980, 36, 'SCHEDULED', CURRENT_TIMESTAMP, CURRENT_TIMESTAMP),
('2025-03-17 16:00:00', '2025-03-17 18:35:00', 155, '2025-03-17', 'CA4325', 'CA', 'Y', 'A321', 0, TRUE, '北京首都国际机场', '昆明长水国际机场', 'PEK', 'KMG', 860, 1080, 44, 'SCHEDULED', CURRENT_TIMESTAMP, CURRENT_TIMESTAMP),
('2025-03-17 10:00:00', '2025-03-17 13:10:00', 190, '2025-03-17', 'CZ3403', 'CZ', 'Y', 'A321', 0, TRUE, '深圳宝安国际机场', '成都天府国际机场', 'SZX', 'CTU', 660, 830, 48, 'SCHEDULED', CURRENT_TIMESTAMP, CURRENT_TIMESTAMP),
('2025-03-17 14:30:00', '2025-03-17 17:25:00', 175, '2025-03-17', 'MU5407', 'MU', 'Y', 'A321', 0, TRUE, '上海浦东国际机场', '广州白云国际机场', 'PVG', 'CAN', 640, 800, 42, 'SCHEDULED', CURRENT_TIMESTAMP, CURRENT_TIMESTAMP),
('2025-03-17 08:45:00', '2025-03-17 11:20:00', 155, '2025-03-17', 'CA4327', 'CA', 'Y', 'A330', 0, TRUE, '北京首都国际机场', '杭州萧山国际机场', 'PEK', 'HGH', 610, 760, 50, 'SCHEDULED', CURRENT_TIMESTAMP, CURRENT_TIMESTAMP),
('2025-03-18 08:00:00', '2025-03-18 10:30:00', 150, '2025-03-18', 'CA1234', 'CA', 'Y', 'A330', 0, TRUE, '北京首都国际机场', '上海浦东国际机场', 'PEK', 'PVG', 660, 830, 46, 'SCHEDULED', CURRENT_TIMESTAMP, CURRENT_TIMESTAMP),
('2025-03-18 09:00:00', '2025-03-18 11:35:00', 155, '2025-03-18', 'MU5678', 'MU', 'Y', 'A320', 0, TRUE, '北京首都国际机场', '上海浦东国际机场', 'PEK', 'PVG', 510, 660, 52, 'SCHEDULED', CURRENT_TIMESTAMP, CURRENT_TIMESTAMP),
('2025-03-18 07:20:00', '2025-03-18 10:00:00', 160, '2025-03-18', '3U8739', '3U', 'Y', 'A320', 0, TRUE, '重庆江北国际机场', '上海浦东国际机场', 'CKG', 'PVG', 460, 600, 58, 'SCHEDULED', CURRENT_TIMESTAMP, CURRENT_TIMESTAMP),
('2025-03-18 12:00:00', '2025-03-18 15:15:00', 195, '2025-03-18', 'CA4105', 'CA', 'Y', 'A330', 0, TRUE, '北京首都国际机场', '成都天府国际机场', 'PEK', 'CTU', 920, 1150, 54, 'SCHEDULED', CURRENT_TIMESTAMP, CURRENT_TIMESTAMP),
('2025-03-18 14:00:00', '2025-03-18 16:50:00', 170, '2025-03-18', 'HU7151', 'HU', 'Y', 'B738', 0, TRUE, '北京首都国际机场', '杭州萧山国际机场', 'PEK', 'HGH', 570, 710, 41, 'SCHEDULED', CURRENT_TIMESTAMP, CURRENT_TIMESTAMP),
('2025-03-18 10:30:00', '2025-03-18 13:05:00', 155, '2025-03-18', 'MU2157', 'MU', 'Y', 'A320', 0, TRUE, '西安咸阳国际机场', '上海浦东国际机场', 'XIY', 'PVG', 410, 540, 60, 'SCHEDULED', CURRENT_TIMESTAMP, CURRENT_TIMESTAMP),
('2025-03-18 11:00:00', '2025-03-18 14:15:00', 195, '2025-03-18', 'CZ3405', 'CZ', 'Y', 'A321', 0, TRUE, '深圳宝安国际机场', '成都天府国际机场', 'SZX', 'CTU', 670, 840, 37, 'SCHEDULED', CURRENT_TIMESTAMP, CURRENT_TIMESTAMP),
('2025-03-18 15:30:00', '2025-03-18 18:15:00', 165, '2025-03-18', 'CA4329', 'CA', 'Y', 'A321', 0, TRUE, '北京首都国际机场', '昆明长水国际机场', 'PEK', 'KMG', 830, 1040, 49, 'SCHEDULED', CURRENT_TIMESTAMP, CURRENT_TIMESTAMP),
('2025-03-18 16:30:00', '2025-03-18 19:00:00', 150, '2025-03-18', 'MU5684', 'MU', 'Y', 'A320', 0, TRUE, '北京首都国际机场', '上海浦东国际机场', 'PEK', 'PVG', 540, 700, 35, 'SCHEDULED', CURRENT_TIMESTAMP, CURRENT_TIMESTAMP),
('2025-03-18 08:15:00', '2025-03-18 10:50:00', 155, '2025-03-18', 'CZ3903', 'CZ', 'Y', 'A320', 0, TRUE, '广州白云国际机场', '上海浦东国际机场', 'CAN', 'PVG', 560, 730, 43, 'SCHEDULED', CURRENT_TIMESTAMP, CURRENT_TIMESTAMP),
('2025-03-19 08:00:00', '2025-03-19 10:30:00', 150, '2025-03-19', 'CA1234', 'CA', 'Y', 'A330', 0, TRUE, '北京首都国际机场', '上海浦东国际机场', 'PEK', 'PVG', 690, 860, 40, 'SCHEDULED', CURRENT_TIMESTAMP, CURRENT_TIMESTAMP),
('2025-03-19 09:30:00', '2025-03-19 12:05:00', 155, '2025-03-19', 'MU5680', 'MU', 'Y', 'A320', 0, TRUE, '北京首都国际机场', '上海浦东国际机场', 'PEK', 'PVG', 520, 680, 47, 'SCHEDULED', CURRENT_TIMESTAMP, CURRENT_TIMESTAMP),
('2025-03-19 13:00:00', '2025-03-19 16:15:00', 195, '2025-03-19', 'CA4107', 'CA', 'Y', 'A330', 0, TRUE, '北京首都国际机场', '成都天府国际机场', 'PEK', 'CTU', 940, 1180, 51, 'SCHEDULED', CURRENT_TIMESTAMP, CURRENT_TIMESTAMP),
('2025-03-19 10:00:00', '2025-03-19 12:50:00', 170, '2025-03-19', '3U8883', '3U', 'Y', 'A320', 0, TRUE, '成都天府国际机场', '北京首都国际机场', 'CTU', 'PEK', 890, 1120, 39, 'SCHEDULED', CURRENT_TIMESTAMP, CURRENT_TIMESTAMP),
('2025-03-19 14:30:00', '2025-03-19 17:20:00', 170, '2025-03-19', 'HU7153', 'HU', 'Y', 'B738', 0, TRUE, '北京首都国际机场', '深圳宝安国际机场', 'PEK', 'SZX', 760, 950, 44, 'SCHEDULED', CURRENT_TIMESTAMP, CURRENT_TIMESTAMP),
('2025-03-19 11:30:00', '2025-03-19 14:25:00', 175, '2025-03-19', 'MU5409', 'MU', 'Y', 'A321', 0, TRUE, '上海浦东国际机场', '广州白云国际机场', 'PVG', 'CAN', 630, 790, 53, 'SCHEDULED', CURRENT_TIMESTAMP, CURRENT_TIMESTAMP),
('2025-03-19 16:00:00', '2025-03-19 18:40:00', 160, '2025-03-19', 'CZ3905', 'CZ', 'Y', 'A320', 0, TRUE, '广州白云国际机场', '上海浦东国际机场', 'CAN', 'PVG', 590, 760, 38, 'SCHEDULED', CURRENT_TIMESTAMP, CURRENT_TIMESTAMP),
('2025-03-19 07:45:00', '2025-03-19 10:35:00', 170, '2025-03-19', '3U8741', '3U', 'Y', 'A320', 0, TRUE, '成都天府国际机场', '上海虹桥国际机场', 'CTU', 'SHA', 610, 770, 55, 'SCHEDULED', CURRENT_TIMESTAMP, CURRENT_TIMESTAMP),
('2025-03-19 15:00:00', '2025-03-19 17:50:00', 170, '2025-03-19', 'CA4331', 'CA', 'Y', 'A321', 0, TRUE, '北京首都国际机场', '昆明长水国际机场', 'PEK', 'KMG', 840, 1050, 45, 'SCHEDULED', CURRENT_TIMESTAMP, CURRENT_TIMESTAMP),
('2025-03-19 17:30:00', '2025-03-19 20:00:00', 150, '2025-03-19', 'MU5686', 'MU', 'Y', 'A320', 0, TRUE, '北京首都国际机场', '上海浦东国际机场', 'PEK', 'PVG', 530, 690, 42, 'SCHEDULED', CURRENT_TIMESTAMP, CURRENT_TIMESTAMP),
('2025-03-20 08:00:00', '2025-03-20 10:30:00', 150, '2025-03-20', 'CA1234', 'CA', 'Y', 'A330', 0, TRUE, '北京首都国际机场', '上海浦东国际机场', 'PEK', 'PVG', 670, 840, 48, 'SCHEDULED', CURRENT_TIMESTAMP, CURRENT_TIMESTAMP),
('2025-03-20 09:00:00', '2025-03-20 11:35:00', 155, '2025-03-20', 'CZ3007', 'CZ', 'Y', 'A321', 0, TRUE, '广州白云国际机场', '北京首都国际机场', 'CAN', 'PEK', 710, 890, 41, 'SCHEDULED', CURRENT_TIMESTAMP, CURRENT_TIMESTAMP),
('2025-03-20 13:00:00', '2025-03-20 15:30:00', 150, '2025-03-20', 'MU5682', 'MU', 'Y', 'A320', 0, TRUE, '北京首都国际机场', '上海浦东国际机场', 'PEK', 'PVG', 540, 710, 50, 'SCHEDULED', CURRENT_TIMESTAMP, CURRENT_TIMESTAMP),
('2025-03-20 07:30:00', '2025-03-20 10:20:00', 170, '2025-03-20', '3U8743', '3U', 'Y', 'A320', 0, TRUE, '重庆江北国际机场', '上海浦东国际机场', 'CKG', 'PVG', 470, 610, 56, 'SCHEDULED', CURRENT_TIMESTAMP, CURRENT_TIMESTAMP),
('2025-03-20 11:00:00', '2025-03-20 14:10:00', 190, '2025-03-20', 'CZ3407', 'CZ', 'Y', 'A321', 0, TRUE, '深圳宝安国际机场', '成都天府国际机场', 'SZX', 'CTU', 650, 820, 46, 'SCHEDULED', CURRENT_TIMESTAMP, CURRENT_TIMESTAMP),
('2025-03-20 14:00:00', '2025-03-20 17:00:00', 180, '2025-03-20', 'CA4109', 'CA', 'Y', 'A330', 0, TRUE, '北京首都国际机场', '成都天府国际机场', 'PEK', 'CTU', 910, 1140, 52, 'SCHEDULED', CURRENT_TIMESTAMP, CURRENT_TIMESTAMP),
('2025-03-20 10:30:00', '2025-03-20 13:20:00', 170, '2025-03-20', 'HU7155', 'HU', 'Y', 'B738', 0, TRUE, '北京首都国际机场', '杭州萧山国际机场', 'PEK', 'HGH', 580, 730, 39, 'SCHEDULED', CURRENT_TIMESTAMP, CURRENT_TIMESTAMP),
('2025-03-20 15:30:00', '2025-03-20 18:25:00', 175, '2025-03-20', 'MU5411', 'MU', 'Y', 'A321', 0, TRUE, '上海浦东国际机场', '广州白云国际机场', 'PVG', 'CAN', 620, 780, 44, 'SCHEDULED', CURRENT_TIMESTAMP, CURRENT_TIMESTAMP),
('2025-03-20 16:00:00', '2025-03-20 18:45:00', 165, '2025-03-20', 'CA4333', 'CA', 'Y', 'A321', 0, TRUE, '北京首都国际机场', '昆明长水国际机场', 'PEK', 'KMG', 810, 1010, 47, 'SCHEDULED', CURRENT_TIMESTAMP, CURRENT_TIMESTAMP),
('2025-03-20 08:45:00', '2025-03-20 11:25:00', 160, '2025-03-20', 'CA4329', 'CA', 'Y', 'A330', 0, TRUE, '北京首都国际机场', '杭州萧山国际机场', 'PEK', 'HGH', 600, 750, 54, 'SCHEDULED', CURRENT_TIMESTAMP, CURRENT_TIMESTAMP),
('2025-03-21 08:00:00', '2025-03-21 10:30:00', 150, '2025-03-21', 'CA1234', 'CA', 'Y', 'A330', 0, TRUE, '北京首都国际机场', '上海浦东国际机场', 'PEK', 'PVG', 710, 890, 43, 'SCHEDULED', CURRENT_TIMESTAMP, CURRENT_TIMESTAMP),
('2025-03-21 09:15:00', '2025-03-21 11:50:00', 155, '2025-03-21', 'MU5678', 'MU', 'Y', 'A320', 0, TRUE, '北京首都国际机场', '上海浦东国际机场', 'PEK', 'PVG', 530, 690, 49, 'SCHEDULED', CURRENT_TIMESTAMP, CURRENT_TIMESTAMP),
('2025-03-21 12:00:00', '2025-03-21 15:15:00', 195, '2025-03-21', 'CA4111', 'CA', 'Y', 'A330', 0, TRUE, '北京首都国际机场', '成都天府国际机场', 'PEK', 'CTU', 930, 1160, 55, 'SCHEDULED', CURRENT_TIMESTAMP, CURRENT_TIMESTAMP),
('2025-03-21 13:30:00', '2025-03-21 16:20:00', 170, '2025-03-21', '3U8885', '3U', 'Y', 'A320', 0, TRUE, '成都天府国际机场', '北京首都国际机场', 'CTU', 'PEK', 900, 1130, 37, 'SCHEDULED', CURRENT_TIMESTAMP, CURRENT_TIMESTAMP),
('2025-03-21 10:00:00', '2025-03-21 12:55:00', 175, '2025-03-21', 'HU7157', 'HU', 'Y', 'B738', 0, TRUE, '北京首都国际机场', '深圳宝安国际机场', 'PEK', 'SZX', 770, 960, 42, 'SCHEDULED', CURRENT_TIMESTAMP, CURRENT_TIMESTAMP),
('2025-03-21 14:00:00', '2025-03-21 16:50:00', 170, '2025-03-21', 'MU5413', 'MU', 'Y', 'A321', 0, TRUE, '上海浦东国际机场', '广州白云国际机场', 'PVG', 'CAN', 610, 770, 51, 'SCHEDULED', CURRENT_TIMESTAMP, CURRENT_TIMESTAMP),
('2025-03-21 11:30:00', '2025-03-21 14:15:00', 165, '2025-03-21', 'CZ3907', 'CZ', 'Y', 'A320', 0, TRUE, '广州白云国际机场', '上海浦东国际机场', 'CAN', 'PVG', 550, 720, 46, 'SCHEDULED', CURRENT_TIMESTAMP, CURRENT_TIMESTAMP),
('2025-03-21 16:00:00', '2025-03-21 18:50:00', 170, '2025-03-21', 'CA4335', 'CA', 'Y', 'A321', 0, TRUE, '北京首都国际机场', '昆明长水国际机场', 'PEK', 'KMG', 820, 1030, 48, 'SCHEDULED', CURRENT_TIMESTAMP, CURRENT_TIMESTAMP),
('2025-03-21 07:45:00', '2025-03-21 10:25:00', 160, '2025-03-21', '3U8745', '3U', 'Y', 'A320', 0, TRUE, '成都天府国际机场', '上海虹桥国际机场', 'CTU', 'SHA', 590, 750, 58, 'SCHEDULED', CURRENT_TIMESTAMP, CURRENT_TIMESTAMP),
('2025-03-21 17:00:00', '2025-03-21 19:30:00', 150, '2025-03-21', 'MU5688', 'MU', 'Y', 'A320', 0, TRUE, '北京首都国际机场', '上海浦东国际机场', 'PEK', 'PVG', 550, 720, 36, 'SCHEDULED', CURRENT_TIMESTAMP, CURRENT_TIMESTAMP),
('2025-03-22 08:00:00', '2025-03-22 10:30:00', 150, '2025-03-22', 'CA1234', 'CA', 'Y', 'A330', 0, TRUE, '北京首都国际机场', '上海浦东国际机场', 'PEK', 'PVG', 680, 850, 50, 'SCHEDULED', CURRENT_TIMESTAMP, CURRENT_TIMESTAMP),
('2025-03-22 09:00:00', '2025-03-22 11:35:00', 155, '2025-03-22', 'CZ3009', 'CZ', 'Y', 'A321', 0, TRUE, '广州白云国际机场', '北京首都国际机场', 'CAN', 'PEK', 700, 880, 44, 'SCHEDULED', CURRENT_TIMESTAMP, CURRENT_TIMESTAMP),
('2025-03-22 13:00:00', '2025-03-22 15:30:00', 150, '2025-03-22', 'MU5684', 'MU', 'Y', 'A320', 0, TRUE, '北京首都国际机场', '上海浦东国际机场', 'PEK', 'PVG', 510, 670, 53, 'SCHEDULED', CURRENT_TIMESTAMP, CURRENT_TIMESTAMP),
('2025-03-22 07:30:00', '2025-03-22 10:15:00', 165, '2025-03-22', '3U8887', '3U', 'Y', 'A320', 0, TRUE, '重庆江北国际机场', '上海浦东国际机场', 'CKG', 'PVG', 450, 590, 60, 'SCHEDULED', CURRENT_TIMESTAMP, CURRENT_TIMESTAMP),
('2025-03-22 11:00:00', '2025-03-22 14:10:00', 190, '2025-03-22', 'CZ3409', 'CZ', 'Y', 'A321', 0, TRUE, '深圳宝安国际机场', '成都天府国际机场', 'SZX', 'CTU', 640, 810, 49, 'SCHEDULED', CURRENT_TIMESTAMP, CURRENT_TIMESTAMP),
('2025-03-22 14:30:00', '2025-03-22 17:25:00', 175, '2025-03-22', 'CA4113', 'CA', 'Y', 'A330', 0, TRUE, '北京首都国际机场', '成都天府国际机场', 'PEK', 'CTU', 940, 1180, 52, 'SCHEDULED', CURRENT_TIMESTAMP, CURRENT_TIMESTAMP),
('2025-03-22 10:30:00', '2025-03-22 13:25:00', 175, '2025-03-22', 'HU7159', 'HU', 'Y', 'B738', 0, TRUE, '北京首都国际机场', '杭州萧山国际机场', 'PEK', 'HGH', 560, 700, 41, 'SCHEDULED', CURRENT_TIMESTAMP, CURRENT_TIMESTAMP),
('2025-03-22 15:00:00', '2025-03-22 17:50:00', 170, '2025-03-22', 'MU5415', 'MU', 'Y', 'A321', 0, TRUE, '上海浦东国际机场', '广州白云国际机场', 'PVG', 'CAN', 620, 780, 45, 'SCHEDULED', CURRENT_TIMESTAMP, CURRENT_TIMESTAMP),
('2025-03-22 16:30:00', '2025-03-22 18:55:00', 145, '2025-03-22', 'CA4337', 'CA', 'Y', 'A321', 0, TRUE, '北京首都国际机场', '昆明长水国际机场', 'PEK', 'KMG', 830, 1040, 47, 'SCHEDULED', CURRENT_TIMESTAMP, CURRENT_TIMESTAMP),
('2025-03-22 08:20:00', '2025-03-22 10:55:00', 155, '2025-03-22', 'CA4339', 'CA', 'Y', 'A330', 0, TRUE, '北京首都国际机场', '杭州萧山国际机场', 'PEK', 'HGH', 590, 740, 54, 'SCHEDULED', CURRENT_TIMESTAMP, CURRENT_TIMESTAMP),
('2025-03-23 08:00:00', '2025-03-23 10:30:00', 150, '2025-03-23', 'CA1234', 'CA', 'Y', 'A330', 0, TRUE, '北京首都国际机场', '上海浦东国际机场', 'PEK', 'PVG', 650, 820, 46, 'SCHEDULED', CURRENT_TIMESTAMP, CURRENT_TIMESTAMP),
('2025-03-23 09:30:00', '2025-03-23 12:05:00', 155, '2025-03-23', 'MU5680', 'MU', 'Y', 'A320', 0, TRUE, '北京首都国际机场', '上海浦东国际机场', 'PEK', 'PVG', 520, 680, 55, 'SCHEDULED', CURRENT_TIMESTAMP, CURRENT_TIMESTAMP),
('2025-03-23 12:00:00', '2025-03-23 15:20:00', 200, '2025-03-23', 'CA4115', 'CA', 'Y', 'A330', 0, TRUE, '北京首都国际机场', '成都天府国际机场', 'PEK', 'CTU', 920, 1150, 58, 'SCHEDULED', CURRENT_TIMESTAMP, CURRENT_TIMESTAMP),
('2025-03-23 10:00:00', '2025-03-23 12:50:00', 170, '2025-03-23', '3U8889', '3U', 'Y', 'A320', 0, TRUE, '成都天府国际机场', '北京首都国际机场', 'CTU', 'PEK', 880, 1100, 40, 'SCHEDULED', CURRENT_TIMESTAMP, CURRENT_TIMESTAMP),
('2025-03-23 13:30:00', '2025-03-23 16:25:00', 175, '2025-03-23', 'HU7161', 'HU', 'Y', 'B738', 0, TRUE, '北京首都国际机场', '深圳宝安国际机场', 'PEK', 'SZX', 750, 940, 43, 'SCHEDULED', CURRENT_TIMESTAMP, CURRENT_TIMESTAMP),
('2025-03-23 11:00:00', '2025-03-23 13:55:00', 175, '2025-03-23', 'MU5417', 'MU', 'Y', 'A321', 0, TRUE, '上海浦东国际机场', '广州白云国际机场', 'PVG', 'CAN', 630, 800, 50, 'SCHEDULED', CURRENT_TIMESTAMP, CURRENT_TIMESTAMP),
('2025-03-23 14:30:00', '2025-03-23 17:15:00', 165, '2025-03-23', 'CZ3909', 'CZ', 'Y', 'A320', 0, TRUE, '广州白云国际机场', '上海浦东国际机场', 'CAN', 'PVG', 570, 740, 48, 'SCHEDULED', CURRENT_TIMESTAMP, CURRENT_TIMESTAMP),
('2025-03-23 15:00:00', '2025-03-23 17:55:00', 175, '2025-03-23', 'CA4341', 'CA', 'Y', 'A321', 0, TRUE, '北京首都国际机场', '昆明长水国际机场', 'PEK', 'KMG', 810, 1020, 51, 'SCHEDULED', CURRENT_TIMESTAMP, CURRENT_TIMESTAMP),
('2025-03-23 07:50:00', '2025-03-23 10:30:00', 160, '2025-03-23', '3U8747', '3U', 'Y', 'A320', 0, TRUE, '成都天府国际机场', '上海虹桥国际机场', 'CTU', 'SHA', 600, 760, 56, 'SCHEDULED', CURRENT_TIMESTAMP, CURRENT_TIMESTAMP),
('2025-03-23 17:00:00', '2025-03-23 19:30:00', 150, '2025-03-23', 'MU5690', 'MU', 'Y', 'A320', 0, TRUE, '北京首都国际机场', '上海浦东国际机场', 'PEK', 'PVG', 540, 710, 38, 'SCHEDULED', CURRENT_TIMESTAMP, CURRENT_TIMESTAMP),
('2025-03-24 08:00:00', '2025-03-24 10:30:00', 150, '2025-03-24', 'CA1234', 'CA', 'Y', 'A330', 0, TRUE, '北京首都国际机场', '上海浦东国际机场', 'PEK', 'PVG', 700, 880, 44, 'SCHEDULED', CURRENT_TIMESTAMP, CURRENT_TIMESTAMP),
('2025-03-24 09:00:00', '2025-03-24 11:35:00', 155, '2025-03-24', 'CZ3011', 'CZ', 'Y', 'A321', 0, TRUE, '广州白云国际机场', '北京首都国际机场', 'CAN', 'PEK', 730, 910, 42, 'SCHEDULED', CURRENT_TIMESTAMP, CURRENT_TIMESTAMP),
('2025-03-24 13:00:00', '2025-03-24 15:30:00', 150, '2025-03-24', 'MU5682', 'MU', 'Y', 'A320', 0, TRUE, '北京首都国际机场', '上海浦东国际机场', 'PEK', 'PVG', 530, 700, 52, 'SCHEDULED', CURRENT_TIMESTAMP, CURRENT_TIMESTAMP),
('2025-03-24 11:30:00', '2025-03-24 14:20:00', 170, '2025-03-24', 'MU2159', 'MU', 'Y', 'A320', 0, TRUE, '西安咸阳国际机场', '上海浦东国际机场', 'XIY', 'PVG', 400, 530, 59, 'SCHEDULED', CURRENT_TIMESTAMP, CURRENT_TIMESTAMP),
('2025-03-24 10:00:00', '2025-03-24 13:10:00', 190, '2025-03-24', 'CZ3411', 'CZ', 'Y', 'A321', 0, TRUE, '深圳宝安国际机场', '成都天府国际机场', 'SZX', 'CTU', 660, 830, 45, 'SCHEDULED', CURRENT_TIMESTAMP, CURRENT_TIMESTAMP),
('2025-03-24 14:00:00', '2025-03-24 17:00:00', 180, '2025-03-24', 'CA4117', 'CA', 'Y', 'A330', 0, TRUE, '北京首都国际机场', '成都天府国际机场', 'PEK', 'CTU', 930, 1170, 54, 'SCHEDULED', CURRENT_TIMESTAMP, CURRENT_TIMESTAMP),
('2025-03-24 15:30:00', '2025-03-24 18:20:00', 170, '2025-03-24', 'HU7163', 'HU', 'Y', 'B738', 0, TRUE, '北京首都国际机场', '杭州萧山国际机场', 'PEK', 'HGH', 580, 730, 47, 'SCHEDULED', CURRENT_TIMESTAMP, CURRENT_TIMESTAMP),
('2025-03-24 16:00:00', '2025-03-24 18:55:00', 175, '2025-03-24', 'MU5419', 'MU', 'Y', 'A321', 0, TRUE, '上海浦东国际机场', '广州白云国际机场', 'PVG', 'CAN', 610, 770, 49, 'SCHEDULED', CURRENT_TIMESTAMP, CURRENT_TIMESTAMP),
('2025-03-24 08:40:00', '2025-03-24 11:30:00', 170, '2025-03-24', 'CA4343', 'CA', 'Y', 'A321', 0, TRUE, '北京首都国际机场', '昆明长水国际机场', 'PEK', 'KMG', 820, 1030, 50, 'SCHEDULED', CURRENT_TIMESTAMP, CURRENT_TIMESTAMP),
('2025-03-24 17:00:00', '2025-03-24 19:30:00', 150, '2025-03-24', 'MU5692', 'MU', 'Y', 'A320', 0, TRUE, '北京首都国际机场', '上海浦东国际机场', 'PEK', 'PVG', 550, 720, 36, 'SCHEDULED', CURRENT_TIMESTAMP, CURRENT_TIMESTAMP);

-- 测试用户（密码: 123456，BCrypt 加密后）
INSERT INTO app_user (username, password, email, phone, created_at, updated_at) VALUES
('testuser', '$2a$10$N.zmdr9k7uOCQb376NoUnuTJ8iAt6Z5EHsM8lE9lBOsl7iKTVKIUi', 'test@example.com', '13800138000', CURRENT_TIMESTAMP, CURRENT_TIMESTAMP);
